[
 {
  "path": "/packages/iot/webnet", 
  "ver": "v2.0.3", 
  "name": "WEBNET"
 }, 
 {
  "path": "/packages/iot/mongoose", 
  "ver": "v6.7", 
  "name": "MONGOOSE"
 }, 
 {
  "path": "/packages/iot/WebTerminal", 
  "ver": "v0.1.2", 
  "name": "WEBTERMINAL"
 }, 
 {
  "path": "/packages/multimedia/LVGL/LVGL", 
  "ver": "v8.2.0", 
  "name": "LVGL"
 }, 
 {
  "path": "/packages/multimedia/LVGL/lv_music_demo", 
  "ver": "v0.2.0", 
  "name": "LV_MUSIC_DEMO"
 }, 
 {
  "path": "/packages/system/ramdisk", 
  "ver": "latest", 
  "name": "RAMDISK"
 }
]